Fecha,Tienda,Categoria,Vendedor,Producto,Cantidad, Precio , Ingresos 
01/02/2026,Tienda B,Juguetes,Luc’a,Puzzle 1000 piezas,6, $625.01 ," $3,750.06 "
01/02/2026,Tienda E,Hogar,Mar’a,Cafetera Delonghi,1, $84.42 , $84.42 
01/03/2026,Tienda C,Ropa,Mar’a,Pantal—n Levi's,5, $560.97 ," $2,804.85 "
01/04/2026,Tienda D,Electr—nica,Ana,Smartphone Samsung,10," $1,197.81 "," $11,978.10 "
01/05/2026,Tienda E,Hogar,Mar’a,Ventilador Imaco,2, $349.98 , $699.96 
01/06/2026,Tienda D,Ropa,Josˇ,Polo Adidas,7, $353.77 ," $2,476.39 "
01/07/2026,Tienda E,Ropa,Josˇ,Casaca Puma,3, $821.79 ," $2,465.37 "
01/08/2026,Tienda A,Electr—nica,Josˇ,Smartwatch Apple,9, $575.49 ," $5,179.41 "
01/09/2026,Tienda E,Deportes,Ana,Guantes Everlast,3," $1,180.15 "," $3,540.45 "
01/10/2026,Tienda B,Juguetes,Luis,Lego Star Wars,8, $948.14 ," $7,585.12 "
01/11/2026,Tienda E,Hogar,Luc’a,Cafetera Delonghi,7," $1,439.39 "," $10,075.73 "
01/12/2026,Tienda E,Juguetes,Luis,Drone para ni–os,6, $242.24 ," $1,453.44 "
1/13/2026,Tienda E,Belleza,Luis,Crema Nivea,2," $1,046.62 "," $2,093.24 "
1/14/2026,Tienda B,Deportes,Luis,Bal—n Adidas,7, $35.19 , $246.33 
1/15/2026,Tienda B,Hogar,Luc’a,Plancha Philips,1, $828.19 , $828.19 
1/16/2026,Tienda D,Belleza,Luis,Perfume Dior,8, $562.22 ," $4,497.76 "
1/17/2026,Tienda C,Electr—nica,Mar’a,Auriculares Sony,6, $971.14 ," $5,826.84 "
1/18/2026,Tienda A,Hogar,Luis,Plancha Philips,7, $921.18 ," $6,448.26 "
1/19/2026,Tienda D,Deportes,Mar’a,Guantes Everlast,3, $468.57 ," $1,405.71 "
1/20/2026,Tienda D,Hogar,Luis,Licuadora Oster,10," $1,132.23 "," $11,322.30 "
1/21/2026,Tienda C,Juguetes,Rosa,Drone para ni–os,10, $124.49 ," $1,244.90 "
1/22/2026,Tienda D,Ropa,Luc’a,Polo Adidas,3, $791.73 ," $2,375.19 "
1/23/2026,Tienda E,Juguetes,Luc’a,Auto Hot Wheels,7," $1,334.38 "," $9,340.66 "
1/24/2026,Tienda C,Ropa,Ana,Pantal—n Levi's,2, $738.55 ," $1,477.10 "
1/25/2026,Tienda E,Belleza,Pedro,Secadora Philips,3, $51.06 , $153.18 
1/26/2026,Tienda D,Deportes,Ana,Cuerda para saltar,9," $1,055.75 "," $9,501.75 "
1/27/2026,Tienda D,Ropa,Pedro,Casaca Puma,10, $137.61 ," $1,376.10 "
1/28/2026,Tienda C,Ropa,Rosa,Casaca Puma,4, $610.54 ," $2,442.16 "
1/29/2026,Tienda A,Belleza,Carlos,Maquillaje Maybelline,7, $624.38 ," $4,370.66 "
1/30/2026,Tienda C,Ropa,Ana,Camisa Lacoste,5, $529.52 ," $2,647.60 "
1/31/2026,Tienda E,Hogar,Carlos,Ventilador Imaco,9," $1,452.03 "," $13,068.27 "
02/01/2026,Tienda D,Juguetes,Josˇ,Auto Hot Wheels,3, $691.78 ," $2,075.34 "
02/02/2026,Tienda D,Juguetes,Josˇ,Drone para ni–os,4," $1,044.31 "," $4,177.24 "
02/03/2026,Tienda E,Deportes,Josˇ,Cuerda para saltar,10, $916.87 ," $9,168.70 "
02/04/2026,Tienda A,Juguetes,Pedro,Auto Hot Wheels,7, $281.01 ," $1,967.07 "
02/05/2026,Tienda E,Ropa,Pedro,Zapatillas Nike,9," $1,322.93 "," $11,906.37 "
02/06/2026,Tienda E,Belleza,Josˇ,Crema Nivea,4," $1,441.24 "," $5,764.96 "
02/07/2026,Tienda B,Belleza,Pedro,Perfume Dior,4, $74.85 , $299.40 
02/08/2026,Tienda D,Deportes,Pedro,Bicicleta Trek,10," $1,242.53 "," $12,425.30 "
02/09/2026,Tienda B,Ropa,Josˇ,Pantal—n Levi's,2, $63.27 , $126.54 
02/10/2026,Tienda B,Electr—nica,Ana,Smartwatch Apple,6," $1,115.85 "," $6,695.10 "
02/11/2026,Tienda D,Belleza,Luc’a,Perfume Dior,1, $160.01 , $160.01 
02/12/2026,Tienda E,Ropa,Rosa,Polo Adidas,8," $1,094.06 "," $8,752.48 "
2/13/2026,Tienda C,Juguetes,Carlos,Puzzle 1000 piezas,3," $1,159.15 "," $3,477.45 "
2/14/2026,Tienda C,Hogar,Ana,Microondas LG,10," $1,172.85 "," $11,728.50 "
2/15/2026,Tienda A,Belleza,Rosa,Crema Nivea,6," $1,265.68 "," $7,594.08 "
2/16/2026,Tienda B,Ropa,Mar’a,Pantal—n Levi's,2," $1,012.88 "," $2,025.76 "
2/17/2026,Tienda C,Ropa,Carlos,Pantal—n Levi's,7, $397.61 ," $2,783.27 "
2/18/2026,Tienda B,Ropa,Carlos,Pantal—n Levi's,2, $200.42 , $400.84 
2/19/2026,Tienda C,Juguetes,Mar’a,Puzzle 1000 piezas,4," $1,152.99 "," $4,611.96 "
2/20/2026,Tienda D,Electr—nica,Josˇ,Tablet Lenovo,2, $308.88 , $617.76 
2/21/2026,Tienda E,Hogar,Carlos,Microondas LG,7," $1,391.47 "," $9,740.29 "
2/22/2026,Tienda E,Belleza,Ana,Crema Nivea,3," $1,372.26 "," $4,116.78 "
2/23/2026,Tienda A,Ropa,Rosa,Casaca Puma,5, $967.49 ," $4,837.45 "
2/24/2026,Tienda D,Belleza,Rosa,Maquillaje Maybelline,2, $384.90 , $769.80 
2/25/2026,Tienda D,Electr—nica,Rosa,Smartphone Samsung,8, $280.04 ," $2,240.32 "
2/26/2026,Tienda E,Deportes,Rosa,Guantes Everlast,1," $1,426.09 "," $1,426.09 "
2/27/2026,Tienda E,Electr—nica,Rosa,Smartphone Samsung,5, $68.88 , $344.40 
2/28/2026,Tienda D,Hogar,Luc’a,Cafetera Delonghi,5, $441.13 ," $2,205.65 "
03/01/2026,Tienda E,Electr—nica,Rosa,Laptop HP,6," $1,077.09 "," $6,462.54 "
03/02/2026,Tienda E,Electr—nica,Luc’a,Laptop HP,4," $1,066.71 "," $4,266.84 "
03/03/2026,Tienda D,Deportes,Pedro,Raqueta Wilson,8, $817.81 ," $6,542.48 "
03/04/2026,Tienda D,Juguetes,Ana,Drone para ni–os,3," $1,251.23 "," $3,753.69 "
03/05/2026,Tienda E,Deportes,Pedro,Bicicleta Trek,4," $1,106.17 "," $4,424.68 "
03/06/2026,Tienda B,Belleza,Luis,Perfume Dior,4, $312.31 ," $1,249.24 "
03/07/2026,Tienda B,Belleza,Pedro,Perfume Dior,8, $553.84 ," $4,430.72 "
03/08/2026,Tienda B,Hogar,Mar’a,Ventilador Imaco,4, $385.36 ," $1,541.44 "
03/09/2026,Tienda C,Deportes,Josˇ,Bal—n Adidas,10, $854.28 ," $8,542.80 "
03/10/2026,Tienda B,Hogar,Ana,Microondas LG,9, $189.32 ," $1,703.88 "
03/11/2026,Tienda D,Belleza,Mar’a,Perfume Dior,2, $485.97 , $971.94 
03/12/2026,Tienda A,Belleza,Pedro,Crema Nivea,4, $948.87 ," $3,795.48 "
3/13/2026,Tienda C,Juguetes,Josˇ,Drone para ni–os,9," $1,223.91 "," $11,015.19 "
3/14/2026,Tienda A,Ropa,Pedro,Zapatillas Nike,4, $258.84 ," $1,035.36 "
3/15/2026,Tienda E,Belleza,Luis,Plancha de cabello Remington,8, $429.77 ," $3,438.16 "
3/16/2026,Tienda A,Ropa,Rosa,Casaca Puma,2," $1,210.24 "," $2,420.48 "
3/17/2026,Tienda B,Ropa,Carlos,Casaca Puma,2, $239.95 , $479.90 
3/18/2026,Tienda B,Electr—nica,Luc’a,Laptop HP,2, $186.58 , $373.16 
3/19/2026,Tienda C,Deportes,Josˇ,Guantes Everlast,8, $298.54 ," $2,388.32 "
3/20/2026,Tienda E,Electr—nica,Josˇ,Tablet Lenovo,10, $784.21 ," $7,842.10 "
3/21/2026,Tienda C,Ropa,Mar’a,Casaca Puma,10," $1,097.97 "," $10,979.70 "
3/22/2026,Tienda D,Belleza,Mar’a,Secadora Philips,1," $1,293.24 "," $1,293.24 "
3/23/2026,Tienda B,Electr—nica,Luc’a,Smartwatch Apple,2," $1,326.18 "," $2,652.36 "
3/24/2026,Tienda E,Electr—nica,Pedro,Auriculares Sony,7," $1,470.51 "," $10,293.57 "
3/25/2026,Tienda D,Ropa,Carlos,Polo Adidas,7, $847.93 ," $5,935.51 "
3/26/2026,Tienda B,Juguetes,Luc’a,Lego Star Wars,6," $1,002.34 "," $6,014.04 "
3/27/2026,Tienda D,Ropa,Josˇ,Camisa Lacoste,9, $92.72 , $834.48 
3/28/2026,Tienda E,Hogar,Carlos,Ventilador Imaco,1," $1,233.14 "," $1,233.14 "
3/29/2026,Tienda E,Hogar,Luis,Licuadora Oster,6, $711.20 ," $4,267.20 "
3/30/2026,Tienda A,Hogar,Luc’a,Microondas LG,3," $1,497.11 "," $4,491.33 "
3/31/2026,Tienda A,Deportes,Mar’a,Guantes Everlast,7, $733.48 ," $5,134.36 "
04/01/2026,Tienda D,Hogar,Rosa,Cafetera Delonghi,5, $526.96 ," $2,634.80 "
04/02/2026,Tienda D,Belleza,Carlos,Perfume Dior,9," $1,131.65 "," $10,184.85 "
04/03/2026,Tienda C,Electr—nica,Carlos,Smartphone Samsung,6, $328.21 ," $1,969.26 "
04/04/2026,Tienda A,Ropa,Carlos,Zapatillas Nike,2, $373.38 , $746.76 
04/05/2026,Tienda A,Juguetes,Mar’a,Drone para ni–os,1, $380.68 , $380.68 
04/06/2026,Tienda C,Hogar,Ana,Plancha Philips,2," $1,461.64 "," $2,923.28 "
04/07/2026,Tienda A,Deportes,Rosa,Raqueta Wilson,1," $1,304.11 "," $1,304.11 "
04/08/2026,Tienda A,Electr—nica,Carlos,Smartphone Samsung,4, $242.72 , $970.88 
04/09/2026,Tienda A,Juguetes,Pedro,Puzzle 1000 piezas,8," $1,099.96 "," $8,799.68 "
04/10/2026,Tienda B,Juguetes,Ana,Lego Star Wars,4," $1,253.25 "," $5,013.00 "
04/11/2026,Tienda C,Deportes,Ana,Guantes Everlast,3," $1,019.20 "," $3,057.60 "
04/12/2026,Tienda C,Deportes,Luc’a,Bicicleta Trek,5, $626.76 ," $3,133.80 "
4/13/2026,Tienda D,Ropa,Luc’a,Casaca Puma,1, $121.12 , $121.12 
4/14/2026,Tienda B,Belleza,Pedro,Maquillaje Maybelline,4," $1,385.47 "," $5,541.88 "
4/15/2026,Tienda D,Electr—nica,Pedro,Tablet Lenovo,10, $437.48 ," $4,374.80 "
4/16/2026,Tienda B,Electr—nica,Josˇ,Smartwatch Apple,7, $55.81 , $390.67 
4/17/2026,Tienda E,Electr—nica,Mar’a,Smartwatch Apple,8, $518.47 ," $4,147.76 "
4/18/2026,Tienda C,Ropa,Carlos,Zapatillas Nike,5, $620.61 ," $3,103.05 "
4/19/2026,Tienda C,Belleza,Ana,Perfume Dior,10, $188.31 ," $1,883.10 "
4/20/2026,Tienda E,Deportes,Ana,Bal—n Adidas,4," $1,246.40 "," $4,985.60 "
4/21/2026,Tienda B,Deportes,Rosa,Bicicleta Trek,8, $447.35 ," $3,578.80 "
4/22/2026,Tienda B,Ropa,Mar’a,Polo Adidas,8, $521.35 ," $4,170.80 "
4/23/2026,Tienda E,Juguetes,Carlos,Puzzle 1000 piezas,3, $522.10 ," $1,566.30 "
4/24/2026,Tienda C,Deportes,Pedro,Bicicleta Trek,2, $893.07 ," $1,786.14 "
4/25/2026,Tienda B,Juguetes,Mar’a,Lego Star Wars,3, $950.52 ," $2,851.56 "
4/26/2026,Tienda B,Ropa,Pedro,Polo Adidas,3," $1,128.87 "," $3,386.61 "
4/27/2026,Tienda B,Deportes,Mar’a,Bal—n Adidas,1," $1,370.40 "," $1,370.40 "
4/28/2026,Tienda B,Belleza,Luc’a,Perfume Dior,5," $1,299.03 "," $6,495.15 "
4/29/2026,Tienda D,Juguetes,Pedro,Drone para ni–os,1, $221.11 , $221.11 
4/30/2026,Tienda A,Juguetes,Josˇ,Puzzle 1000 piezas,10," $1,124.00 "," $11,240.00 "
05/01/2026,Tienda E,Belleza,Josˇ,Maquillaje Maybelline,1, $852.51 , $852.51 
05/02/2026,Tienda B,Deportes,Ana,Bicicleta Trek,10," $1,053.30 "," $10,533.00 "
05/03/2026,Tienda D,Ropa,Carlos,Polo Adidas,5," $1,146.79 "," $5,733.95 "
05/04/2026,Tienda E,Deportes,Josˇ,Bicicleta Trek,9, $699.90 ," $6,299.10 "
05/05/2026,Tienda B,Ropa,Carlos,Camisa Lacoste,2, $244.60 , $489.20 
05/06/2026,Tienda C,Ropa,Pedro,Camisa Lacoste,5, $413.19 ," $2,065.95 "
05/07/2026,Tienda D,Belleza,Pedro,Plancha de cabello Remington,3, $242.75 , $728.25 
05/08/2026,Tienda A,Electr—nica,Josˇ,Laptop HP,6, $415.84 ," $2,495.04 "
05/09/2026,Tienda A,Hogar,Ana,Plancha Philips,6, $272.99 ," $1,637.94 "
05/10/2026,Tienda B,Electr—nica,Ana,Smartwatch Apple,1, $333.00 , $333.00 
05/11/2026,Tienda B,Juguetes,Ana,Mu–eca Barbie,1, $550.97 , $550.97 
05/12/2026,Tienda A,Hogar,Carlos,Cafetera Delonghi,8," $1,102.35 "," $8,818.80 "
5/13/2026,Tienda A,Juguetes,Pedro,Puzzle 1000 piezas,6, $893.93 ," $5,363.58 "
5/14/2026,Tienda E,Deportes,Mar’a,Raqueta Wilson,3," $1,419.71 "," $4,259.13 "
5/15/2026,Tienda A,Belleza,Carlos,Crema Nivea,7, $799.18 ," $5,594.26 "
5/16/2026,Tienda B,Juguetes,Carlos,Mu–eca Barbie,5," $1,037.23 "," $5,186.15 "
5/17/2026,Tienda D,Deportes,Pedro,Bicicleta Trek,5, $410.73 ," $2,053.65 "
5/18/2026,Tienda E,Electr—nica,Pedro,Auriculares Sony,5," $1,103.42 "," $5,517.10 "
5/19/2026,Tienda B,Deportes,Carlos,Bal—n Adidas,10, $901.73 ," $9,017.30 "
5/20/2026,Tienda E,Hogar,Luc’a,Ventilador Imaco,5," $1,341.51 "," $6,707.55 "
5/21/2026,Tienda B,Electr—nica,Carlos,Tablet Lenovo,4, $144.79 , $579.16 
5/22/2026,Tienda E,Deportes,Luc’a,Bicicleta Trek,3, $638.66 ," $1,915.98 "
5/23/2026,Tienda E,Deportes,Mar’a,Raqueta Wilson,10, $647.67 ," $6,476.70 "
5/24/2026,Tienda C,Belleza,Ana,Plancha de cabello Remington,5, $938.49 ," $4,692.45 "
5/25/2026,Tienda C,Ropa,Mar’a,Casaca Puma,3, $33.20 , $99.60 
5/26/2026,Tienda B,Belleza,Carlos,Secadora Philips,8," $1,453.51 "," $11,628.08 "
5/27/2026,Tienda D,Electr—nica,Pedro,Smartwatch Apple,6, $109.18 , $655.08 
5/28/2026,Tienda B,Electr—nica,Pedro,Laptop HP,3," $1,181.17 "," $3,543.51 "
5/29/2026,Tienda A,Juguetes,Luc’a,Puzzle 1000 piezas,1, $540.91 , $540.91 
5/30/2026,Tienda B,Electr—nica,Luc’a,Smartphone Samsung,9, $819.05 ," $7,371.45 "
5/31/2026,Tienda D,Belleza,Luc’a,Maquillaje Maybelline,4, $48.45 , $193.80 
06/01/2026,Tienda A,Hogar,Luis,Microondas LG,9, $660.80 ," $5,947.20 "
06/02/2026,Tienda B,Electr—nica,Mar’a,Smartwatch Apple,1, $528.01 , $528.01 
06/03/2026,Tienda B,Hogar,Ana,Microondas LG,4, $753.11 ," $3,012.44 "
06/04/2026,Tienda E,Hogar,Rosa,Plancha Philips,5," $1,169.35 "," $5,846.75 "
06/05/2026,Tienda A,Juguetes,Mar’a,Mu–eca Barbie,3," $1,296.87 "," $3,890.61 "
06/06/2026,Tienda A,Electr—nica,Luis,Tablet Lenovo,9, $676.90 ," $6,092.10 "
06/07/2026,Tienda E,Deportes,Luis,Cuerda para saltar,8, $198.09 ," $1,584.72 "
06/08/2026,Tienda E,Juguetes,Ana,Auto Hot Wheels,2, $620.50 ," $1,241.00 "
06/09/2026,Tienda E,Ropa,Pedro,Pantal—n Levi's,7," $1,212.10 "," $8,484.70 "
06/10/2026,Tienda D,Electr—nica,Mar’a,Laptop HP,2," $1,249.73 "," $2,499.46 "
06/11/2026,Tienda E,Deportes,Mar’a,Raqueta Wilson,7," $1,248.36 "," $8,738.52 "
06/12/2026,Tienda D,Deportes,Luis,Bal—n Adidas,10, $945.38 ," $9,453.80 "
6/13/2026,Tienda D,Hogar,Ana,Licuadora Oster,6," $1,442.78 "," $8,656.68 "
6/14/2026,Tienda E,Ropa,Pedro,Zapatillas Nike,3," $1,473.55 "," $4,420.65 "
6/15/2026,Tienda B,Belleza,Carlos,Plancha de cabello Remington,4, $139.83 , $559.32 
6/16/2026,Tienda D,Electr—nica,Luc’a,Smartphone Samsung,1," $1,446.13 "," $1,446.13 "
6/17/2026,Tienda E,Deportes,Mar’a,Bicicleta Trek,9, $826.89 ," $7,442.01 "
6/18/2026,Tienda E,Ropa,Pedro,Zapatillas Nike,5, $191.61 , $958.05 
6/19/2026,Tienda A,Hogar,Josˇ,Plancha Philips,5," $1,164.13 "," $5,820.65 "
6/20/2026,Tienda D,Juguetes,Luis,Drone para ni–os,3, $320.64 , $961.92 
6/21/2026,Tienda B,Hogar,Pedro,Licuadora Oster,4, $984.64 ," $3,938.56 "
6/22/2026,Tienda C,Juguetes,Pedro,Drone para ni–os,2, $200.95 , $401.90 
6/23/2026,Tienda A,Belleza,Luis,Secadora Philips,1, $157.57 , $157.57 
6/24/2026,Tienda B,Hogar,Luc’a,Cafetera Delonghi,9, $376.64 ," $3,389.76 "
6/25/2026,Tienda A,Deportes,Mar’a,Raqueta Wilson,8, $744.61 ," $5,956.88 "
6/26/2026,Tienda A,Electr—nica,Josˇ,Auriculares Sony,4, $675.25 ," $2,701.00 "
6/27/2026,Tienda C,Juguetes,Ana,Drone para ni–os,9," $1,131.60 "," $10,184.40 "
6/28/2026,Tienda D,Ropa,Pedro,Zapatillas Nike,3, $237.33 , $711.99 
6/29/2026,Tienda D,Ropa,Pedro,Polo Adidas,2, $801.93 ," $1,603.86 "
6/30/2026,Tienda E,Juguetes,Carlos,Mu–eca Barbie,7, $886.14 ," $6,202.98 "
07/01/2026,Tienda A,Hogar,Ana,Microondas LG,9," $1,496.71 "," $13,470.39 "
07/02/2026,Tienda E,Juguetes,Pedro,Puzzle 1000 piezas,8," $1,312.58 "," $10,500.64 "
07/03/2026,Tienda A,Belleza,Mar’a,Crema Nivea,9, $66.67 , $600.03 
07/04/2026,Tienda C,Ropa,Rosa,Camisa Lacoste,5, $41.80 , $209.00 
07/05/2026,Tienda D,Hogar,Pedro,Microondas LG,5, $461.91 ," $2,309.55 "
07/06/2026,Tienda A,Ropa,Luc’a,Pantal—n Levi's,5, $951.61 ," $4,758.05 "
07/07/2026,Tienda E,Electr—nica,Luc’a,Smartphone Samsung,6," $1,232.61 "," $7,395.66 "
07/08/2026,Tienda C,Ropa,Pedro,Casaca Puma,5, $780.75 ," $3,903.75 "
07/09/2026,Tienda A,Juguetes,Luc’a,Puzzle 1000 piezas,5, $741.27 ," $3,706.35 "
07/10/2026,Tienda C,Ropa,Pedro,Zapatillas Nike,1," $1,485.35 "," $1,485.35 "
07/11/2026,Tienda C,Juguetes,Rosa,Auto Hot Wheels,3," $1,081.54 "," $3,244.62 "
07/12/2026,Tienda E,Hogar,Rosa,Cafetera Delonghi,2, $791.51 ," $1,583.02 "
7/13/2026,Tienda E,Deportes,Luc’a,Bicicleta Trek,5, $836.01 ," $4,180.05 "
7/14/2026,Tienda D,Deportes,Luis,Bal—n Adidas,9, $717.73 ," $6,459.57 "
7/15/2026,Tienda D,Belleza,Mar’a,Maquillaje Maybelline,7," $1,426.46 "," $9,985.22 "
7/16/2026,Tienda A,Electr—nica,Carlos,Auriculares Sony,2," $1,499.62 "," $2,999.24 "
7/17/2026,Tienda C,Juguetes,Ana,Auto Hot Wheels,3, $154.89 , $464.67 
7/18/2026,Tienda E,Electr—nica,Carlos,Smartwatch Apple,4," $1,409.34 "," $5,637.36 "
7/19/2026,Tienda D,Electr—nica,Mar’a,Auriculares Sony,8," $1,146.41 "," $9,171.28 "
7/20/2026,Tienda D,Hogar,Rosa,Licuadora Oster,8, $298.57 ," $2,388.56 "
7/21/2026,Tienda D,Belleza,Luis,Maquillaje Maybelline,6," $1,244.38 "," $7,466.28 "
7/22/2026,Tienda B,Juguetes,Luc’a,Mu–eca Barbie,1, $423.89 , $423.89 
7/23/2026,Tienda B,Ropa,Pedro,Casaca Puma,9, $708.63 ," $6,377.67 "
7/24/2026,Tienda D,Electr—nica,Josˇ,Laptop HP,6, $356.97 ," $2,141.82 "
7/25/2026,Tienda B,Juguetes,Luis,Puzzle 1000 piezas,5," $1,254.18 "," $6,270.90 "
7/26/2026,Tienda B,Ropa,Josˇ,Pantal—n Levi's,10, $910.46 ," $9,104.60 "
7/27/2026,Tienda B,Electr—nica,Luc’a,Tablet Lenovo,3, $89.20 , $267.60 
7/28/2026,Tienda D,Electr—nica,Luc’a,Smartphone Samsung,1, $784.12 , $784.12 
7/29/2026,Tienda B,Ropa,Mar’a,Pantal—n Levi's,10, $993.99 ," $9,939.90 "
7/30/2026,Tienda A,Ropa,Carlos,Camisa Lacoste,5," $1,144.18 "," $5,720.90 "
7/31/2026,Tienda C,Ropa,Rosa,Zapatillas Nike,3, $59.73 , $179.19 
08/01/2026,Tienda D,Electr—nica,Luc’a,Smartphone Samsung,4," $1,004.96 "," $4,019.84 "
08/02/2026,Tienda A,Deportes,Rosa,Raqueta Wilson,8," $1,171.26 "," $9,370.08 "
08/03/2026,Tienda B,Belleza,Luis,Plancha de cabello Remington,9, $198.88 ," $1,789.92 "
08/04/2026,Tienda D,Hogar,Mar’a,Cafetera Delonghi,7," $1,445.49 "," $10,118.43 "
08/05/2026,Tienda C,Juguetes,Pedro,Drone para ni–os,3," $1,358.17 "," $4,074.51 "
08/06/2026,Tienda A,Ropa,Luc’a,Pantal—n Levi's,6," $1,155.12 "," $6,930.72 "
08/07/2026,Tienda D,Hogar,Luis,Licuadora Oster,6, $258.88 ," $1,553.28 "
08/08/2026,Tienda D,Deportes,Luis,Guantes Everlast,3, $703.91 ," $2,111.73 "
08/09/2026,Tienda C,Juguetes,Luis,Auto Hot Wheels,6, $740.10 ," $4,440.60 "
08/10/2026,Tienda D,Hogar,Carlos,Cafetera Delonghi,6, $133.55 , $801.30 
08/11/2026,Tienda E,Belleza,Mar’a,Maquillaje Maybelline,4, $557.94 ," $2,231.76 "
08/12/2026,Tienda E,Belleza,Josˇ,Maquillaje Maybelline,7, $714.73 ," $5,003.11 "
8/13/2026,Tienda A,Electr—nica,Mar’a,Smartphone Samsung,3, $167.52 , $502.56 
8/14/2026,Tienda A,Ropa,Ana,Zapatillas Nike,8," $1,167.16 "," $9,337.28 "
8/15/2026,Tienda A,Juguetes,Luc’a,Drone para ni–os,4," $1,063.99 "," $4,255.96 "
8/16/2026,Tienda C,Juguetes,Mar’a,Mu–eca Barbie,6," $1,075.54 "," $6,453.24 "
8/17/2026,Tienda B,Hogar,Pedro,Cafetera Delonghi,8, $923.37 ," $7,386.96 "
8/18/2026,Tienda E,Belleza,Rosa,Crema Nivea,8, $475.10 ," $3,800.80 "
8/19/2026,Tienda B,Belleza,Luis,Maquillaje Maybelline,6," $1,303.92 "," $7,823.52 "
8/20/2026,Tienda D,Hogar,Carlos,Ventilador Imaco,8, $377.52 ," $3,020.16 "
8/21/2026,Tienda C,Belleza,Josˇ,Perfume Dior,7, $441.72 ," $3,092.04 "
8/22/2026,Tienda E,Belleza,Luis,Perfume Dior,6, $427.50 ," $2,565.00 "
8/23/2026,Tienda C,Juguetes,Josˇ,Auto Hot Wheels,10, $246.03 ," $2,460.30 "
8/24/2026,Tienda A,Deportes,Luc’a,Bal—n Adidas,2, $843.75 ," $1,687.50 "
8/25/2026,Tienda B,Juguetes,Carlos,Puzzle 1000 piezas,2, $582.33 ," $1,164.66 "
8/26/2026,Tienda D,Hogar,Mar’a,Plancha Philips,10," $1,086.06 "," $10,860.60 "
8/27/2026,Tienda D,Hogar,Ana,Cafetera Delonghi,10, $314.53 ," $3,145.30 "
8/28/2026,Tienda A,Electr—nica,Luis,Auriculares Sony,5, $211.01 ," $1,055.05 "
8/29/2026,Tienda E,Deportes,Pedro,Guantes Everlast,10, $812.79 ," $8,127.90 "
8/30/2026,Tienda D,Hogar,Pedro,Ventilador Imaco,1, $908.59 , $908.59 
8/31/2026,Tienda D,Ropa,Mar’a,Polo Adidas,6, $403.88 ," $2,423.28 "
09/01/2026,Tienda E,Deportes,Josˇ,Bicicleta Trek,9, $278.41 ," $2,505.69 "
09/02/2026,Tienda B,Belleza,Carlos,Crema Nivea,1, $26.69 , $26.69 
09/03/2026,Tienda B,Ropa,Rosa,Pantal—n Levi's,5, $459.10 ," $2,295.50 "
09/04/2026,Tienda D,Deportes,Ana,Bicicleta Trek,1, $953.89 , $953.89 
09/05/2026,Tienda D,Deportes,Luis,Bal—n Adidas,10, $738.82 ," $7,388.20 "
09/06/2026,Tienda B,Hogar,Josˇ,Plancha Philips,10," $1,494.63 "," $14,946.30 "
09/07/2026,Tienda D,Belleza,Luis,Plancha de cabello Remington,2, $820.70 ," $1,641.40 "
09/08/2026,Tienda A,Ropa,Ana,Casaca Puma,2, $116.70 , $233.40 
09/09/2026,Tienda B,Deportes,Rosa,Raqueta Wilson,2, $77.15 , $154.30 
09/10/2026,Tienda A,Deportes,Luc’a,Bal—n Adidas,1," $1,497.69 "," $1,497.69 "
09/11/2026,Tienda C,Hogar,Josˇ,Microondas LG,6," $1,130.27 "," $6,781.62 "
09/12/2026,Tienda E,Belleza,Josˇ,Crema Nivea,6," $1,047.11 "," $6,282.66 "
9/13/2026,Tienda A,Deportes,Josˇ,Bal—n Adidas,10, $225.27 ," $2,252.70 "
9/14/2026,Tienda A,Electr—nica,Carlos,Auriculares Sony,1," $1,162.48 "," $1,162.48 "
9/15/2026,Tienda A,Electr—nica,Josˇ,Smartphone Samsung,3, $753.70 ," $2,261.10 "
9/16/2026,Tienda C,Ropa,Ana,Casaca Puma,5," $1,422.27 "," $7,111.35 "
9/17/2026,Tienda B,Ropa,Pedro,Zapatillas Nike,4, $872.42 ," $3,489.68 "
9/18/2026,Tienda E,Hogar,Luis,Licuadora Oster,1, $118.62 , $118.62 
9/19/2026,Tienda E,Electr—nica,Ana,Laptop HP,1," $1,457.78 "," $1,457.78 "
9/20/2026,Tienda B,Juguetes,Pedro,Puzzle 1000 piezas,9, $139.05 ," $1,251.45 "
9/21/2026,Tienda E,Deportes,Carlos,Guantes Everlast,4," $1,459.93 "," $5,839.72 "
9/22/2026,Tienda B,Juguetes,Josˇ,Mu–eca Barbie,7, $403.42 ," $2,823.94 "
9/23/2026,Tienda E,Hogar,Pedro,Plancha Philips,6, $744.90 ," $4,469.40 "
9/24/2026,Tienda B,Juguetes,Josˇ,Auto Hot Wheels,5," $1,019.60 "," $5,098.00 "
9/25/2026,Tienda A,Belleza,Pedro,Perfume Dior,9, $560.57 ," $5,045.13 "
9/26/2026,Tienda A,Juguetes,Mar’a,Lego Star Wars,4, $292.59 ," $1,170.36 "
9/27/2026,Tienda B,Ropa,Luc’a,Zapatillas Nike,1," $1,378.39 "," $1,378.39 "
9/28/2026,Tienda B,Electr—nica,Ana,Smartwatch Apple,5, $777.25 ," $3,886.25 "
9/29/2026,Tienda B,Ropa,Carlos,Camisa Lacoste,5, $301.14 ," $1,505.70 "
9/30/2026,Tienda A,Belleza,Luc’a,Perfume Dior,4, $481.84 ," $1,927.36 "
10/01/2026,Tienda D,Belleza,Pedro,Maquillaje Maybelline,6," $1,156.12 "," $6,936.72 "
10/02/2026,Tienda E,Belleza,Josˇ,Perfume Dior,1," $1,304.03 "," $1,304.03 "
10/03/2026,Tienda B,Hogar,Luis,Cafetera Delonghi,8, $148.93 ," $1,191.44 "
10/04/2026,Tienda E,Hogar,Josˇ,Ventilador Imaco,2," $1,263.00 "," $2,526.00 "
10/05/2026,Tienda B,Deportes,Carlos,Bal—n Adidas,8, $369.92 ," $2,959.36 "
10/06/2026,Tienda D,Ropa,Luis,Polo Adidas,1, $936.18 , $936.18 
10/07/2026,Tienda D,Electr—nica,Carlos,Laptop HP,4," $1,462.34 "," $5,849.36 "
10/08/2026,Tienda C,Hogar,Josˇ,Plancha Philips,8," $1,428.76 "," $11,430.08 "
10/09/2026,Tienda A,Ropa,Luis,Zapatillas Nike,7, $26.81 , $187.67 
10/10/2026,Tienda A,Hogar,Luc’a,Ventilador Imaco,6, $135.47 , $812.82 
10/11/2026,Tienda A,Juguetes,Luc’a,Auto Hot Wheels,2, $35.22 , $70.44 
10/12/2026,Tienda C,Juguetes,Josˇ,Puzzle 1000 piezas,5," $1,340.60 "," $6,703.00 "
10/13/2026,Tienda D,Deportes,Josˇ,Cuerda para saltar,4," $1,134.70 "," $4,538.80 "
10/14/2026,Tienda C,Electr—nica,Luis,Tablet Lenovo,3, $197.93 , $593.79 
10/15/2026,Tienda E,Deportes,Carlos,Guantes Everlast,1, $985.28 , $985.28 
10/16/2026,Tienda A,Electr—nica,Mar’a,Tablet Lenovo,10, $184.06 ," $1,840.60 "
10/17/2026,Tienda C,Ropa,Josˇ,Camisa Lacoste,4, $376.53 ," $1,506.12 "
10/18/2026,Tienda C,Deportes,Luc’a,Bicicleta Trek,5, $965.35 ," $4,826.75 "
10/19/2026,Tienda E,Juguetes,Mar’a,Puzzle 1000 piezas,3, $953.35 ," $2,860.05 "
10/20/2026,Tienda A,Electr—nica,Josˇ,Laptop HP,10, $946.62 ," $9,466.20 "
10/21/2026,Tienda B,Juguetes,Carlos,Puzzle 1000 piezas,8," $1,498.02 "," $11,984.16 "
10/22/2026,Tienda C,Juguetes,Ana,Drone para ni–os,9, $884.23 ," $7,958.07 "
10/23/2026,Tienda A,Juguetes,Luc’a,Drone para ni–os,3, $681.19 ," $2,043.57 "
10/24/2026,Tienda D,Juguetes,Mar’a,Lego Star Wars,2, $865.68 ," $1,731.36 "
10/25/2026,Tienda D,Hogar,Pedro,Licuadora Oster,5, $855.02 ," $4,275.10 "
10/26/2026,Tienda C,Ropa,Josˇ,Casaca Puma,9," $1,466.86 "," $13,201.74 "
10/27/2026,Tienda D,Hogar,Luc’a,Ventilador Imaco,4, $331.14 ," $1,324.56 "
10/28/2026,Tienda D,Juguetes,Rosa,Mu–eca Barbie,10," $1,463.98 "," $14,639.80 "
10/29/2026,Tienda D,Electr—nica,Rosa,Laptop HP,3, $60.32 , $180.96 
10/30/2026,Tienda B,Electr—nica,Carlos,Smartphone Samsung,2, $929.40 ," $1,858.80 "
10/31/2026,Tienda B,Deportes,Luc’a,Cuerda para saltar,6, $165.13 , $990.78 
11/01/2026,Tienda D,Hogar,Luc’a,Cafetera Delonghi,8, $508.60 ," $4,068.80 "
11/02/2026,Tienda C,Belleza,Josˇ,Maquillaje Maybelline,3, $387.97 ," $1,163.91 "
11/03/2026,Tienda B,Belleza,Ana,Crema Nivea,2, $630.07 ," $1,260.14 "
11/04/2026,Tienda B,Hogar,Carlos,Microondas LG,2," $1,022.56 "," $2,045.12 "
11/05/2026,Tienda B,Juguetes,Carlos,Puzzle 1000 piezas,10," $1,250.34 "," $12,503.40 "
11/06/2026,Tienda E,Hogar,Luis,Cafetera Delonghi,1, $478.67 , $478.67 
11/07/2026,Tienda A,Hogar,Mar’a,Microondas LG,10, $827.61 ," $8,276.10 "
11/08/2026,Tienda E,Deportes,Josˇ,Bal—n Adidas,8, $879.90 ," $7,039.20 "
11/09/2026,Tienda E,Belleza,Luc’a,Perfume Dior,3," $1,145.06 "," $3,435.18 "
11/10/2026,Tienda D,Hogar,Josˇ,Cafetera Delonghi,5," $1,231.25 "," $6,156.25 "
11/11/2026,Tienda C,Electr—nica,Luis,Smartphone Samsung,6," $1,214.61 "," $7,287.66 "
11/12/2026,Tienda A,Juguetes,Pedro,Mu–eca Barbie,1," $1,285.77 "," $1,285.77 "
11/13/2026,Tienda C,Ropa,Mar’a,Polo Adidas,1," $1,104.24 "," $1,104.24 "
11/14/2026,Tienda C,Hogar,Ana,Cafetera Delonghi,9," $1,205.36 "," $10,848.24 "
11/15/2026,Tienda C,Belleza,Luis,Secadora Philips,7," $1,191.91 "," $8,343.37 "
11/16/2026,Tienda A,Hogar,Rosa,Licuadora Oster,2, $123.42 , $246.84 
11/17/2026,Tienda E,Electr—nica,Luis,Laptop HP,1, $545.12 , $545.12 
11/18/2026,Tienda B,Ropa,Josˇ,Zapatillas Nike,2, $864.25 ," $1,728.50 "
11/19/2026,Tienda A,Hogar,Rosa,Microondas LG,5, $976.56 ," $4,882.80 "
11/20/2026,Tienda B,Hogar,Josˇ,Microondas LG,5, $247.42 ," $1,237.10 "
11/21/2026,Tienda E,Deportes,Carlos,Bicicleta Trek,5, $545.58 ," $2,727.90 "
11/22/2026,Tienda C,Juguetes,Luc’a,Puzzle 1000 piezas,2," $1,179.52 "," $2,359.04 "
11/23/2026,Tienda B,Belleza,Carlos,Secadora Philips,4, $548.73 ," $2,194.92 "
11/24/2026,Tienda B,Belleza,Ana,Secadora Philips,4, $233.36 , $933.44 
11/25/2026,Tienda D,Juguetes,Luc’a,Lego Star Wars,4, $270.75 ," $1,083.00 "
11/26/2026,Tienda A,Hogar,Luc’a,Plancha Philips,2," $1,177.72 "," $2,355.44 "
11/27/2026,Tienda A,Hogar,Rosa,Microondas LG,9, $596.10 ," $5,364.90 "
11/28/2026,Tienda D,Belleza,Luis,Plancha de cabello Remington,4," $1,278.07 "," $5,112.28 "
11/29/2026,Tienda C,Electr—nica,Pedro,Smartphone Samsung,3," $1,252.89 "," $3,758.67 "
11/30/2026,Tienda A,Ropa,Mar’a,Casaca Puma,9," $1,258.04 "," $11,322.36 "
12/01/2026,Tienda B,Ropa,Ana,Camisa Lacoste,9, $654.14 ," $5,887.26 "
12/02/2026,Tienda C,Hogar,Carlos,Plancha Philips,1, $132.13 , $132.13 
12/03/2026,Tienda B,Hogar,Carlos,Licuadora Oster,6, $792.45 ," $4,754.70 "
12/04/2026,Tienda E,Electr—nica,Luc’a,Tablet Lenovo,4, $192.40 , $769.60 
12/05/2026,Tienda D,Electr—nica,Rosa,Laptop HP,6," $1,408.96 "," $8,453.76 "
12/06/2026,Tienda D,Hogar,Luc’a,Cafetera Delonghi,6, $76.21 , $457.26 
12/07/2026,Tienda E,Ropa,Luis,Camisa Lacoste,6, $78.05 , $468.30 
12/08/2026,Tienda A,Belleza,Mar’a,Perfume Dior,9, $733.29 ," $6,599.61 "
12/09/2026,Tienda E,Ropa,Mar’a,Pantal—n Levi's,3, $370.22 ," $1,110.66 "
12/10/2026,Tienda E,Juguetes,Luc’a,Drone para ni–os,5," $1,138.74 "," $5,693.70 "
12/11/2026,Tienda D,Hogar,Luc’a,Cafetera Delonghi,10, $451.71 ," $4,517.10 "
12/12/2026,Tienda D,Hogar,Josˇ,Ventilador Imaco,1," $1,008.48 "," $1,008.48 "
12/13/2026,Tienda B,Electr—nica,Pedro,Smartphone Samsung,10," $1,485.84 "," $14,858.40 "
12/14/2026,Tienda E,Hogar,Josˇ,Licuadora Oster,6, $584.73 ," $3,508.38 "
12/15/2026,Tienda B,Hogar,Mar’a,Ventilador Imaco,1, $860.65 , $860.65 
12/16/2026,Tienda B,Ropa,Mar’a,Zapatillas Nike,9, $419.77 ," $3,777.93 "
12/17/2026,Tienda B,Electr—nica,Luis,Smartwatch Apple,2, $191.06 , $382.12 
12/18/2026,Tienda A,Juguetes,Ana,Mu–eca Barbie,6," $1,334.74 "," $8,008.44 "
12/19/2026,Tienda A,Juguetes,Ana,Auto Hot Wheels,2," $1,270.39 "," $2,540.78 "
12/20/2026,Tienda A,Juguetes,Rosa,Auto Hot Wheels,8, $888.94 ," $7,111.52 "
12/21/2026,Tienda B,Deportes,Mar’a,Guantes Everlast,1, $214.54 , $214.54 
12/22/2026,Tienda E,Belleza,Pedro,Crema Nivea,4," $1,491.33 "," $5,965.32 "
12/23/2026,Tienda E,Deportes,Carlos,Raqueta Wilson,1, $592.58 , $592.58 
12/24/2026,Tienda A,Deportes,Rosa,Bal—n Adidas,10, $185.59 ," $1,855.90 "
12/25/2026,Tienda A,Ropa,Josˇ,Camisa Lacoste,10, $509.65 ," $5,096.50 "
12/26/2026,Tienda A,Hogar,Carlos,Ventilador Imaco,7, $785.79 ," $5,500.53 "
12/27/2026,Tienda B,Hogar,Luis,Microondas LG,4, $742.64 ," $2,970.56 "
12/28/2026,Tienda E,Deportes,Mar’a,Cuerda para saltar,5," $1,057.86 "," $5,289.30 "
12/29/2026,Tienda A,Hogar,Luis,Licuadora Oster,9, $912.15 ," $8,209.35 "
12/30/2026,Tienda B,Electr—nica,Luc’a,Laptop HP,9, $337.82 ," $3,040.38 "
12/31/2026,Tienda A,Electr—nica,Ana,Smartwatch Apple,6, $233.94 ," $1,403.64 "
01/01/2027,Tienda C,Electr—nica,Josˇ,Smartwatch Apple,5, $60.89 , $304.45 
01/02/2027,Tienda B,Ropa,Carlos,Casaca Puma,3, $668.76 ," $2,006.28 "
01/03/2027,Tienda D,Electr—nica,Rosa,Smartwatch Apple,2," $1,350.53 "," $2,701.06 "
01/04/2027,Tienda B,Electr—nica,Mar’a,Smartphone Samsung,3, $91.91 , $275.73 
01/05/2027,Tienda A,Ropa,Luc’a,Pantal—n Levi's,9," $1,087.25 "," $9,785.25 "
01/06/2027,Tienda E,Ropa,Luc’a,Pantal—n Levi's,8, $404.02 ," $3,232.16 "
01/07/2027,Tienda A,Hogar,Josˇ,Ventilador Imaco,3," $1,189.50 "," $3,568.50 "
01/08/2027,Tienda C,Ropa,Pedro,Casaca Puma,6," $1,112.40 "," $6,674.40 "
01/09/2027,Tienda A,Juguetes,Carlos,Drone para ni–os,5, $192.14 , $960.70 
01/10/2027,Tienda D,Electr—nica,Ana,Smartwatch Apple,8," $1,024.95 "," $8,199.60 "
01/11/2027,Tienda A,Juguetes,Carlos,Puzzle 1000 piezas,3, $642.04 ," $1,926.12 "
01/12/2027,Tienda B,Hogar,Ana,Cafetera Delonghi,7, $219.03 ," $1,533.21 "
1/13/2027,Tienda D,Belleza,Luc’a,Plancha de cabello Remington,3, $318.21 , $954.63 
1/14/2027,Tienda D,Deportes,Josˇ,Guantes Everlast,6, $55.45 , $332.70 
1/15/2027,Tienda C,Ropa,Luis,Casaca Puma,9, $163.55 ," $1,471.95 "
1/16/2027,Tienda E,Ropa,Luis,Pantal—n Levi's,10, $531.83 ," $5,318.30 "
1/17/2027,Tienda C,Electr—nica,Luis,Tablet Lenovo,6, $566.86 ," $3,401.16 "
1/18/2027,Tienda B,Deportes,Rosa,Guantes Everlast,1, $699.53 , $699.53 
1/19/2027,Tienda C,Belleza,Luc’a,Perfume Dior,6, $408.58 ," $2,451.48 "
1/20/2027,Tienda B,Hogar,Ana,Microondas LG,7, $730.90 ," $5,116.30 "
1/21/2027,Tienda C,Deportes,Rosa,Bal—n Adidas,1, $675.93 , $675.93 
1/22/2027,Tienda D,Ropa,Luc’a,Camisa Lacoste,7," $1,144.09 "," $8,008.63 "
1/23/2027,Tienda B,Deportes,Josˇ,Cuerda para saltar,8," $1,350.53 "," $10,804.24 "
1/24/2027,Tienda E,Ropa,Carlos,Polo Adidas,4," $1,427.44 "," $5,709.76 "
1/25/2027,Tienda C,Ropa,Luis,Casaca Puma,1, $994.86 , $994.86 
1/26/2027,Tienda A,Hogar,Carlos,Microondas LG,9, $213.57 ," $1,922.13 "
1/27/2027,Tienda A,Deportes,Rosa,Guantes Everlast,7, $478.07 ," $3,346.49 "
1/28/2027,Tienda B,Electr—nica,Luis,Tablet Lenovo,7, $337.32 ," $2,361.24 "
1/29/2027,Tienda B,Juguetes,Josˇ,Auto Hot Wheels,1," $1,326.12 "," $1,326.12 "
1/30/2027,Tienda D,Belleza,Ana,Maquillaje Maybelline,10, $234.43 ," $2,344.30 "
1/31/2027,Tienda D,Deportes,Luc’a,Cuerda para saltar,5, $225.29 ," $1,126.45 "
02/01/2027,Tienda E,Electr—nica,Luc’a,Tablet Lenovo,5," $1,294.77 "," $6,473.85 "
02/02/2027,Tienda A,Juguetes,Luc’a,Drone para ni–os,9, $20.37 , $183.33 
02/03/2027,Tienda A,Juguetes,Luc’a,Drone para ni–os,7," $1,060.49 "," $7,423.43 "
02/04/2027,Tienda D,Belleza,Rosa,Crema Nivea,9, $82.26 , $740.34 
02/05/2027,Tienda D,Ropa,Mar’a,Casaca Puma,8, $922.57 ," $7,380.56 "
02/06/2027,Tienda D,Belleza,Mar’a,Maquillaje Maybelline,1, $106.27 , $106.27 
02/07/2027,Tienda C,Belleza,Carlos,Perfume Dior,1, $810.79 , $810.79 
02/08/2027,Tienda D,Juguetes,Mar’a,Mu–eca Barbie,10, $496.75 ," $4,967.50 "
02/09/2027,Tienda C,Belleza,Mar’a,Crema Nivea,4, $851.79 ," $3,407.16 "
02/10/2027,Tienda D,Deportes,Rosa,Bal—n Adidas,10, $545.13 ," $5,451.30 "
02/11/2027,Tienda A,Juguetes,Pedro,Puzzle 1000 piezas,7," $1,129.44 "," $7,906.08 "
02/12/2027,Tienda A,Belleza,Luis,Maquillaje Maybelline,7, $240.02 ," $1,680.14 "
2/13/2027,Tienda A,Electr—nica,Luis,Smartphone Samsung,4," $1,472.53 "," $5,890.12 "
2/14/2027,Tienda A,Electr—nica,Ana,Smartwatch Apple,8," $1,265.36 "," $10,122.88 "
2/15/2027,Tienda C,Deportes,Josˇ,Cuerda para saltar,4, $593.56 ," $2,374.24 "
2/16/2027,Tienda A,Deportes,Carlos,Raqueta Wilson,1, $220.69 , $220.69 
2/17/2027,Tienda D,Electr—nica,Pedro,Auriculares Sony,2, $583.39 ," $1,166.78 "
2/18/2027,Tienda E,Deportes,Carlos,Cuerda para saltar,3, $928.89 ," $2,786.67 "
2/19/2027,Tienda D,Electr—nica,Luis,Tablet Lenovo,1, $133.48 , $133.48 
2/20/2027,Tienda A,Belleza,Carlos,Maquillaje Maybelline,1," $1,080.70 "," $1,080.70 "
2/21/2027,Tienda C,Ropa,Carlos,Camisa Lacoste,1, $173.27 , $173.27 
2/22/2027,Tienda B,Juguetes,Ana,Auto Hot Wheels,7, $42.16 , $295.12 
2/23/2027,Tienda E,Electr—nica,Pedro,Tablet Lenovo,7," $1,151.58 "," $8,061.06 "
2/24/2027,Tienda E,Hogar,Luc’a,Ventilador Imaco,4, $204.80 , $819.20 
2/25/2027,Tienda C,Belleza,Pedro,Maquillaje Maybelline,3," $1,048.17 "," $3,144.51 "
2/26/2027,Tienda E,Belleza,Josˇ,Perfume Dior,10, $913.17 ," $9,131.70 "
2/27/2027,Tienda A,Deportes,Mar’a,Cuerda para saltar,6, $869.89 ," $5,219.34 "
2/28/2027,Tienda E,Juguetes,Ana,Drone para ni–os,2, $712.28 ," $1,424.56 "
03/01/2027,Tienda B,Hogar,Mar’a,Plancha Philips,9," $1,484.05 "," $13,356.45 "
03/02/2027,Tienda B,Hogar,Luc’a,Ventilador Imaco,4," $1,326.83 "," $5,307.32 "
03/03/2027,Tienda A,Belleza,Luc’a,Perfume Dior,8," $1,150.69 "," $9,205.52 "
03/04/2027,Tienda A,Ropa,Rosa,Zapatillas Nike,10, $507.05 ," $5,070.50 "
03/05/2027,Tienda E,Deportes,Ana,Raqueta Wilson,6, $198.47 ," $1,190.82 "
03/06/2027,Tienda E,Belleza,Mar’a,Maquillaje Maybelline,3, $129.84 , $389.52 
03/07/2027,Tienda A,Belleza,Luis,Crema Nivea,7, $360.31 ," $2,522.17 "
03/08/2027,Tienda A,Belleza,Pedro,Secadora Philips,2, $711.75 ," $1,423.50 "
03/09/2027,Tienda D,Hogar,Luc’a,Plancha Philips,10," $1,268.87 "," $12,688.70 "
03/10/2027,Tienda E,Electr—nica,Luis,Auriculares Sony,6, $53.83 , $322.98 
03/11/2027,Tienda E,Deportes,Pedro,Bicicleta Trek,6, $140.23 , $841.38 
03/12/2027,Tienda A,Juguetes,Carlos,Drone para ni–os,3, $167.82 , $503.46 
3/13/2027,Tienda B,Juguetes,Rosa,Lego Star Wars,9, $235.99 ," $2,123.91 "
3/14/2027,Tienda D,Belleza,Carlos,Plancha de cabello Remington,2," $1,189.38 "," $2,378.76 "
3/15/2027,Tienda C,Juguetes,Luis,Lego Star Wars,1, $875.79 , $875.79 
3/16/2027,Tienda B,Hogar,Luis,Licuadora Oster,8, $549.83 ," $4,398.64 "
3/17/2027,Tienda E,Electr—nica,Ana,Auriculares Sony,10," $1,343.53 "," $13,435.30 "
3/18/2027,Tienda E,Hogar,Pedro,Cafetera Delonghi,3, $447.92 ," $1,343.76 "
3/19/2027,Tienda D,Hogar,Luis,Plancha Philips,7, $362.05 ," $2,534.35 "
3/20/2027,Tienda E,Belleza,Carlos,Perfume Dior,5, $699.92 ," $3,499.60 "
3/21/2027,Tienda E,Ropa,Rosa,Camisa Lacoste,4," $1,097.94 "," $4,391.76 "
3/22/2027,Tienda D,Juguetes,Josˇ,Lego Star Wars,5," $1,459.65 "," $7,298.25 "
3/23/2027,Tienda D,Hogar,Pedro,Cafetera Delonghi,6, $30.59 , $183.54 
3/24/2027,Tienda D,Belleza,Rosa,Plancha de cabello Remington,9," $1,215.00 "," $10,935.00 "
3/25/2027,Tienda D,Juguetes,Carlos,Puzzle 1000 piezas,7," $1,274.01 "," $8,918.07 "
3/26/2027,Tienda E,Electr—nica,Pedro,Laptop HP,3, $368.05 ," $1,104.15 "
3/27/2027,Tienda E,Belleza,Pedro,Plancha de cabello Remington,10," $1,292.40 "," $12,924.00 "
3/28/2027,Tienda E,Electr—nica,Ana,Auriculares Sony,8," $1,198.03 "," $9,584.24 "
3/29/2027,Tienda C,Ropa,Mar’a,Zapatillas Nike,7," $1,418.05 "," $9,926.35 "
3/30/2027,Tienda A,Belleza,Carlos,Secadora Philips,6," $1,406.72 "," $8,440.32 "
3/31/2027,Tienda C,Belleza,Pedro,Secadora Philips,7, $868.16 ," $6,077.12 "
04/01/2027,Tienda A,Deportes,Mar’a,Raqueta Wilson,6, $431.23 ," $2,587.38 "
04/02/2027,Tienda C,Belleza,Rosa,Secadora Philips,8, $960.51 ," $7,684.08 "
04/03/2027,Tienda D,Ropa,Mar’a,Pantal—n Levi's,3, $628.75 ," $1,886.25 "
04/04/2027,Tienda D,Hogar,Luis,Cafetera Delonghi,8, $877.67 ," $7,021.36 "
04/05/2027,Tienda B,Belleza,Ana,Perfume Dior,8," $1,150.47 "," $9,203.76 "
04/06/2027,Tienda E,Juguetes,Pedro,Lego Star Wars,10, $89.08 , $890.80 
04/07/2027,Tienda E,Electr—nica,Carlos,Smartphone Samsung,5," $1,133.77 "," $5,668.85 "
04/08/2027,Tienda A,Juguetes,Pedro,Mu–eca Barbie,10," $1,120.74 "," $11,207.40 "
04/09/2027,Tienda A,Electr—nica,Carlos,Tablet Lenovo,8," $1,048.10 "," $8,384.80 "
04/10/2027,Tienda C,Juguetes,Luis,Mu–eca Barbie,8," $1,273.40 "," $10,187.20 "
04/11/2027,Tienda B,Ropa,Carlos,Camisa Lacoste,2," $1,289.11 "," $2,578.22 "
04/12/2027,Tienda A,Hogar,Rosa,Licuadora Oster,6, $55.81 , $334.86 
4/13/2027,Tienda E,Deportes,Mar’a,Bicicleta Trek,3, $616.96 ," $1,850.88 "
4/14/2027,Tienda C,Hogar,Rosa,Licuadora Oster,5, $750.33 ," $3,751.65 "
4/15/2027,Tienda C,Electr—nica,Pedro,Smartwatch Apple,6," $1,069.91 "," $6,419.46 "
4/16/2027,Tienda A,Ropa,Luc’a,Casaca Puma,9," $1,150.40 "," $10,353.60 "
4/17/2027,Tienda B,Electr—nica,Rosa,Tablet Lenovo,4, $444.04 ," $1,776.16 "
4/18/2027,Tienda C,Ropa,Josˇ,Camisa Lacoste,9, $417.95 ," $3,761.55 "
4/19/2027,Tienda E,Electr—nica,Josˇ,Smartphone Samsung,8, $547.96 ," $4,383.68 "
4/20/2027,Tienda E,Ropa,Luc’a,Pantal—n Levi's,6, $729.60 ," $4,377.60 "
4/21/2027,Tienda A,Ropa,Rosa,Casaca Puma,4, $221.62 , $886.48 
4/22/2027,Tienda C,Belleza,Josˇ,Secadora Philips,3," $1,322.34 "," $3,967.02 "
4/23/2027,Tienda B,Ropa,Ana,Polo Adidas,3, $341.68 ," $1,025.04 "
4/24/2027,Tienda D,Ropa,Mar’a,Polo Adidas,6, $55.71 , $334.26 
4/25/2027,Tienda D,Electr—nica,Mar’a,Smartphone Samsung,7, $765.96 ," $5,361.72 "
4/26/2027,Tienda A,Hogar,Luis,Microondas LG,6, $318.91 ," $1,913.46 "
4/27/2027,Tienda B,Hogar,Mar’a,Plancha Philips,7, $508.80 ," $3,561.60 "
4/28/2027,Tienda D,Hogar,Luis,Plancha Philips,10, $245.84 ," $2,458.40 "
4/29/2027,Tienda E,Hogar,Carlos,Licuadora Oster,2, $361.57 , $723.14 
4/30/2027,Tienda B,Hogar,Luc’a,Microondas LG,1," $1,251.02 "," $1,251.02 "
05/01/2027,Tienda E,Deportes,Josˇ,Cuerda para saltar,10, $695.11 ," $6,951.10 "
05/02/2027,Tienda C,Deportes,Rosa,Cuerda para saltar,5, $808.19 ," $4,040.95 "
05/03/2027,Tienda B,Deportes,Luis,Cuerda para saltar,8, $711.72 ," $5,693.76 "
05/04/2027,Tienda D,Electr—nica,Luc’a,Tablet Lenovo,4, $347.56 ," $1,390.24 "
05/05/2027,Tienda C,Belleza,Rosa,Crema Nivea,8," $1,441.32 "," $11,530.56 "
05/06/2027,Tienda C,Ropa,Pedro,Zapatillas Nike,2," $1,411.35 "," $2,822.70 "
05/07/2027,Tienda D,Ropa,Luc’a,Polo Adidas,6," $1,021.01 "," $6,126.06 "
05/08/2027,Tienda B,Electr—nica,Ana,Smartphone Samsung,7, $136.89 , $958.23 
05/09/2027,Tienda D,Juguetes,Mar’a,Puzzle 1000 piezas,10," $1,044.81 "," $10,448.10 "
05/10/2027,Tienda E,Ropa,Luc’a,Camisa Lacoste,8, $82.38 , $659.04 
05/11/2027,Tienda B,Electr—nica,Luc’a,Smartwatch Apple,9," $1,154.35 "," $10,389.15 "
05/12/2027,Tienda E,Juguetes,Josˇ,Drone para ni–os,10, $482.63 ," $4,826.30 "
5/13/2027,Tienda C,Ropa,Mar’a,Zapatillas Nike,4, $541.64 ," $2,166.56 "
5/14/2027,Tienda D,Juguetes,Rosa,Lego Star Wars,3," $1,388.01 "," $4,164.03 "
5/15/2027,Tienda D,Ropa,Carlos,Casaca Puma,4, $318.24 ," $1,272.96 "
